Project Name	LOC	Project Revision Count	CBO	DIT	LCOM	NOC	RFC	WMC	Project Author Count	Defect Tickets	Functional Tickets	Commits
precise	526	28197	6.13	1.9	48.59	0.41	12.02	7.89	5	0	0	526
chakra-buana	23	28	0	1	0	0	1	1	4	0	0	28
java-byte-code-example	184	5	1.2	1.4	0	0	1.7	1.7	1	0	0	5
libamico	54	103	0	1	0	0	4.5	4.5	2	0	0	103
aikaoshi	18	5	0	1	0	0	1	1	1	0	0	5
andro-enit	24	2	0.33	1.17	0	0	0.17	0.17	1	0	0	2
anothervitaminc	13	6	0.5	1.5	0	0	1	1	1	0	0	3
buildbox-try	34	2	0.5	1.5	0	0	1	1	1	0	0	2
clojure-server-pages	58	15	0	2	0	0	2	2	1	0	0	15
commons-web	89	2	0.5	1.25	0	0	1.75	1.75	1	0	0	2
cqrs-sample	29	9	0	1	0	0	2	2	1	0	0	9
darkseid	23	3	0	2	0	0	2	2	1	0	0	3
deliverator	24	2	0	2	0	0	2	2	1	0	0	2
eskama	6	18	0	1	0	0	1	1	1	0	2	10
fatbaldstupid	39	3	1	1.5	0	0	1	1	1	0	0	3
fortune-crunch-android-tutorial	23	3	0	2	0	0	2	2	1	0	0	3
gejun-exercicios-jedi	196	3	0	1	0	0	1	1	1	0	0	3
gphfa	157	24	0.5	1	0	0	6	6	1	0	0	23
gshoutbox	33	6	0.33	1.33	0	0	1.33	1.33	1	0	0	6
helloosgi	88	3	0.86	1	0	0	1.43	1.43	1	0	0	3
hermes-framework	199	3	0.19	1	0	0	0.25	0.25	1	0	0	2
hkkitri52jmk	82	6	0	1	0	0	1	1	1	0	0	3
hzimgserver	88	2	0.5	1.75	0	0	1.75	1.75	1	0	0	2
javacodeshare	34	5	0	1	0	0	1	1	1	0	0	5
jawaframework	4	51	0	1	0	0	0	0	1	0	0	51
jnfoviewer	22	6	0	1.5	0	0	1	1	1	0	0	3
jwatcher	81	4	1	1.33	0	0	4	4	1	0	0	4
takila	10	5	0	1	0	0	1	1	1	0	0	5
task2dolist	64	6	0	1.5	0	0	1	1	1	0	0	6
testtestjava	12	19	0	1	0	0	1	1	1	0	0	19
wyymlab	5	3	0	1	0	0	1	1	1	0	0	3
jade-stone-suite	2634	161	0.54	0.71	3.44	0.07	4.82	1.68	3	0	0	161
gwt-mapquest	1522	10	1	2.26	4.09	0.44	11.77	7.1	1	3	0	10
laboratoriosebas	2137	9	1.02	1.05	4.77	0	2.33	2.33	1	0	0	9
birpn	2471	73	1.35	3.73	5.55	0.77	14.66	3.42	2	0	0	13
javabi-dependency	339	16	0.31	0.17	6.14	0.1	1.76	1.41	1	0	2	5
alexpucara	438	25	0.23	1.46	6.46	0	5.38	5.38	1	0	1	25
colorutils	463	9	0.63	0.81	6.75	0.06	5.94	4.63	1	0	0	9
dog-food-advisor	209	3	0.8	1.5	7.1	0	1.1	1.1	1	0	0	3
barriossazo-algoritmos-estructuras-de-datos	2764	38	0.62	0.85	7.62	0.12	3.65	3.1	1	0	0	38
jfundamentals	8085	181	0.37	1.01	8.83	0.02	1.87	1.82	1	0	0	179
google-gin	17711	0	2.4	1.09	9.53	0.24	3.81	2.17	8	150	92	184
joe-e	19861	0	0.71	1.24	9.74	0.2	2.14	1.35	6	5	15	381
jalbum-jtextpad	3542	0	1.42	1.11	10.01	0	2.4	2.4	2	0	0	19
tweetphoto-api-java-blackberry	2792	0	1.82	1.03	10.32	0	2.59	2.59	1	2	0	2
googleinvestigacion	144	0	0.86	1.29	10.71	0	1.86	1.86	2	0	0	5
vavi-sensor	191	0	0.43	0.86	10.71	0	5	5	1	0	0	22
cryptossium	82	0	0.33	1.67	11	0	1.67	1.67	1	0	0	7
davidstop	78	0	1	1.33	11	0	1.67	1.67	1	0	0	6
geogia	25289	0	1.14	1.81	11.15	0.03	5.82	5.31	1	15	6	160
drool-pool	1259	0	1.6	0.63	11.24	0	1.8	1.8	1	1	0	106
wsexplorer	2798	0	1.34	1.06	11.27	0	2.43	2.43	1	0	0	45
kazao-calendar	4269	0	1.33	1.27	11.33	0.13	5.82	3.6	1	2	0	19
java-anything	14498	0	1.34	0.87	11.48	0.27	6.09	3.09	2	1	0	196
jresourcesmanager	2652	0	1.95	1.07	11.54	0.17	2.19	1.95	1	2	14	63
koprina	21823	0	3.33	1.06	11.62	0.04	2.31	2.16	2	0	0	86
jumpto	1406	0	1.08	1.1	11.74	0	3.31	3.31	1	0	1	6
bport	164	0	0.4	1.2	11.8	0	1.2	1.2	1	0	1	14
gwt-simple-persistence	473	0	0.55	0.65	12.2	0	1.4	1.4	1	2	0	11
text-transformer	485	0	1.45	1.36	12.32	0.09	2.73	2.45	1	0	0	15
lambdacore	1657	0	0.84	0.84	12.46	0.16	6.34	3.41	1	0	0	97
kidfits	254	0	1.25	1.5	12.5	0	2.5	2.5	1	0	0	2
varmask	104	0	0.5	1	12.5	0	4.5	4.5	1	0	0	2
c5-test-support	1386	0	1.17	1.31	12.55	0.05	2.33	2.33	1	5	0	39
ghinexplorer	1253	0	1.21	1.23	12.82	0	1.97	1.97	1	0	0	2
fosa	12722	0	1.97	1.25	12.92	0.01	3.56	3.41	1	0	0	31
ceefee	8610	0	1.88	1.21	13	0.01	3.88	3.81	1	1	1	7
xpresso-builder	564	0	1.09	1.55	13.09	0	2.95	2.95	1	0	0	4
jfreeciv	7636	0	0.99	1.07	13.25	0	0.95	0.95	1	1	0	18
yasdic	1921	0	1.59	1.03	13.28	0.45	2.84	2.48	2	0	0	38
guice-demo	328	0	2.27	1.13	13.47	0	2.73	2.6	1	0	1	21
wulumuqi	942	0	1.39	2.26	13.7	0.39	4	2.96	2	0	0	123
appengine-catfish	4751	0	1.17	0.7	13.74	0.09	2.74	2.34	1	0	0	21
jrduncans	794	0	0.58	0.63	13.83	0	2.71	2.71	1	1	0	144
jobsfespsixthperiod	1286	0	0.56	1	13.87	0	2.4	2.4	1	0	0	27
bwhf	13815	0	2.21	1.28	13.87	0.21	3.23	2.23	1	52	19	585
maven-settings-editor	7250	0	2.28	1.12	13.97	0.02	2.83	2.62	1	0	0	43
jogodoscreditos	1237	0	1.04	1	14.33	0	3	3	1	0	0	7
gwtyahtzee	882	0	2	1.29	14.41	0	2.29	2.29	1	2	4	5
jd3-tagger	1216	0	1.67	1.19	14.62	0	3.14	3.14	2	0	0	94
coderepo	1342	0	0.83	0.77	14.93	0	3.53	3.53	1	0	0	9
kvstore	3301	0	0.99	0.92	14.94	0.15	3.88	2.71	1	0	0	37
analizadorlexico	575	0	1.38	1.38	15	0.25	2.63	2.38	1	0	0	9
jdbclib	1986	0	1.19	0.55	15.13	0.05	3.8	3.41	1	0	0	3
locksmith	1558	0	1.31	1.24	15.17	0	2.86	2.86	1	0	0	15
locweb	187	0	0.69	1	15.31	0.08	2.62	2.31	1	0	0	9
jc-tree	6176	0	0.88	0.59	15.55	0.06	14.1	11.27	1	11	7	25
csmstaffhelper	742	0	1.22	1.13	15.65	0	2.78	2.78	1	0	0	9
jobject-life	607	0	1.65	0.9	15.75	0	2.5	2.5	1	1	0	4
jbreakthrough	1980	0	1.65	1.05	15.81	0	3.08	3.08	1	0	0	40
yahoohd	1309	0	0.62	1.11	16.11	0	3.92	3.92	1	0	0	4
jin-template	211	0	1.4	1	16.2	0	4.2	4.2	1	0	0	3
tpso	513	0	0.79	1.42	16.21	0	2.21	2.21	1	0	0	4
cafesudoku	779	0	1.28	1	16.33	0	4.17	4.17	1	0	0	51
guice-autoreg	594	0	1.17	1.3	16.43	0.35	3.09	2.91	2	3	1	24
avenzano-incubator	86	0	0	1.33	16.67	0	1.67	1.67	1	0	0	8
cf2wst	152	0	1.5	1.17	16.67	0	1.67	1.67	1	0	0	6
ginga-pizza	144	0	1	1.33	16.67	0	3	3	1	0	0	28
uabcl	57145	0	4.51	1.73	17.32	0.93	54.99	4.12	1	1	0	48
goodev-demo-code	343	0	1.33	1.58	17.33	0	2.33	2.33	1	0	0	5
java-simple-utils	7534	0	1.9	1.21	17.41	0.24	4.12	3.16	1	1	2	187
centralnutri	1952	0	0.98	1.17	17.41	0.02	3.85	3.85	1	0	0	5
toth	7093	0	1.37	1.2	17.52	0.03	3.82	3.74	3	0	0	118
dnasim	793	0	0.92	1.54	17.69	0	2.54	2.54	3	0	0	70
ires2009hardware	2313	0	1.21	1.5	17.71	0	3.11	3.11	1	0	0	6
tikal-and-chaos-game	1271	0	1.89	1.05	17.71	0	3.63	3.63	1	0	0	43
testchord	1034	0	2.05	1.33	17.71	0.29	7.95	5.81	1	0	0	11
fieldml-java	3369	0	2.86	1.79	17.73	0.54	7.78	3.48	3	0	0	98
java-imageseams	991	0	1.06	1.17	17.78	0	3	3	1	1	0	14
xml-collab	3434	0	0.86	1.16	17.88	0	2.6	2.6	2	0	0	68
logictable	2289	0	1.28	1.11	18.07	0	3.48	3.48	5	0	0	24
design-patterns-code-base	767	0	1.2	1.31	18.07	0.29	3.69	2.47	1	0	0	17
lang4j	7799	0	3.4	0.69	18.08	0	5.12	5.11	1	0	0	22
interlocutoire	3069	0	1.79	1.32	18.15	0.38	4.87	4.28	1	0	0	12
mamaoinformatica	3666	0	1.98	1	18.15	0	6.8	6.8	4	0	0	68
evolutionscm	1903	0	3.08	1.08	18.18	0.03	4.36	4.03	1	0	0	19
i-movie	7431	0	1.47	1.13	18.21	0	3.29	3.29	1	0	0	15
iwebapp	4020	0	1.84	1.9	18.37	0.59	10.08	3.59	1	0	0	32
tears	53928	0	2.24	1.4	18.45	0.09	5.7	4.91	1	0	0	47
bloggerdesktop	1481	0	1.3	1.33	18.57	0	3	3	2	0	0	29
bluetooth-multistake	230	0	0.6	1	18.6	0	2.8	2.8	1	0	0	3
timestable	876	0	1.14	1.32	18.64	0.18	2.59	2.41	1	0	0	25
gridfacade	900	0	1.21	1.14	18.9	0.34	5.31	3.21	1	0	0	17
edgefinder	650	0	1.69	1.13	18.94	0	3.19	3.19	1	0	0	13
librarylgmtsystem	13523	0	2.08	1.1	19.06	0	4.51	4.51	3	0	0	148
turtle3d	6772	0	2.23	1.44	19.07	0.28	6.44	3.45	1	0	0	211
mampbatalhanaval	1837	0	1.95	1.33	19.08	0	3.48	3.48	5	0	0	72
blinkframework	4456	0	1.33	0.83	19.09	0.2	5.94	3.62	1	0	0	56
watchandshout	876	0	1	1.22	19.17	0	3	3	1	1	0	4
chuidiang-descargador	505	0	1.13	1.13	19.19	0	2.63	2.63	1	0	0	2
temporis	1900	0	1.17	1.81	19.23	0.44	6.51	3.42	1	0	0	28
java-asn1-goose-hxzon	16189	0	3.41	2.61	19.26	0.71	28.95	3.3	2	1	0	178
j-oto	2695	0	2.18	0.99	19.34	0	3.61	3.61	2	10	12	33
blogjun	267	0	0.75	1.13	19.75	0	4	4	1	0	0	7
bgjavajmfaudiortp	1564	0	1.16	1	19.79	0	3.29	3.29	1	0	0	13
ichef	1332	0	2.5	1.53	19.97	0.44	9.69	4.14	5	1	1	70
jdi-cpu-profiler	322	0	0.63	1	20	0	3	3	1	0	0	3
textracer	248	0	0.75	1.25	20	0	3.25	3.25	2	0	0	4
hal4java	13005	0	2.86	1.28	20.03	0.3	9.11	3.91	1	1	0	3
gfestival-localdb	3915	0	2.47	1.49	20.14	0.21	4.88	2.98	1	0	0	7
zsea-planetwars	1242	0	1.6	0.95	20.25	0	5.55	5.55	2	0	0	10
felisdesigner	1763	0	1.61	1.18	20.34	0	4.87	4.87	1	0	0	28
jaterm	12787	0	1.88	1.21	20.43	0.23	5.2	4	1	0	0	10
trull	9251	0	2.41	2.51	20.85	0.4	16.97	3.46	5	0	0	183
gchartjava	7372	0	4.34	1.29	20.89	0.13	6.4	4.72	2	25	10	814
wordcram	1564	0	2.44	1.06	20.9	0.04	4.46	4.46	1	8	0	296
learningproject	21380	0	1.22	1.15	20.92	0.03	4.25	3.97	1	0	0	87
workhorse	4737	0	1.95	1.38	21.13	0.29	5.31	2.67	1	0	0	259
client-objects	2669	0	1.67	1.14	21.21	0	3.88	3.88	1	2	5	28
hwchecker	710	0	1.76	1.32	21.24	0.08	2.76	2.36	2	0	0	74
aurorasdk	3714	0	1.95	1.26	21.29	0.04	3.74	3.41	1	3	1	4
dukono	2476	0	1.43	2.37	21.33	0.81	16.93	5.51	1	0	0	28
jmseq	2207	0	2.5	1.05	21.45	0.09	4.41	3.8	1	0	0	4
dcmaperu	1990	0	1.58	1.22	21.52	0	2.72	2.72	1	0	0	15
ds-jpatterns	2200	0	2.02	1.71	21.55	0.35	4.27	2.86	3	0	0	97
geomatic	317	0	1.17	1.33	21.58	0.08	2.58	2.58	1	0	0	17
javashellscript	3152	0	0.8	1.2	21.61	0.02	3.78	3.78	2	0	0	87
appcfgwrapper	1551	0	1.79	1.42	21.75	0.04	3.79	3.58	1	0	0	6
javaperlscripting	431	0	0.88	1.13	21.75	0	4.13	4.13	1	0	0	4
eshopsshsbremen	3596	0	3.35	1.31	21.85	0.06	5.83	5.06	3	0	0	384
tsb-trabajos-practicos	21771	0	0.96	1.24	21.87	0.11	5.69	4.57	5	0	0	118
i-gnoramus	4665	0	1.91	1.43	21.91	0.13	3.78	2.78	1	1	0	72
struts-2-tutorial	63	0	0.33	1.67	22	0	4.33	4.33	1	0	0	3
super-memo--convertor	640	0	1	1.13	22	0	3.69	3.69	1	0	0	15
veoviewer	3584	0	1.57	1.32	22.11	0.09	6.55	5.79	1	0	0	20
infirmarium	2607	0	1.36	1.94	22.18	0.49	4.59	1.6	7	5	24	89
team-3-project	4760	0	2.65	1.05	22.26	0.05	10.42	8.83	1	0	0	2
jturingmachinele	2408	0	1.48	1.36	22.39	0.14	5.89	3.7	2	0	0	89
jupiter-eclipse-plugin	14479	0	3.56	1.16	22.44	0.04	4.05	3.81	2	101	55	79
java-csv-persistence-engine	1091	0	0.82	0.85	22.62	0.03	5.03	4.97	1	0	0	12
cs-javaphp	9901	0	2.09	1.18	22.62	0	3.6	3.6	5	8	4	335
jacuzzi	3108	0	1.59	0.95	22.68	0.14	8.62	5.03	3	9	0	62
jakubiak-generators	132	0	1.29	1.29	22.86	0	2	2	1	0	0	7
version-manager	2706	0	1.51	1.4	22.89	0.18	11.04	7.58	1	0	0	52
tomgibara	46948	0	2.4	1.45	22.9	0.41	9.85	4.92	1	2	1	581
wikiboard	2682	0	2.07	1.85	22.96	0.35	5.81	3.74	3	1	0	109
igr2008	401	0	0.77	1.23	23.08	0.15	4.85	4.23	1	0	0	5
berkelium-java	2082	0	2.15	1.17	23.15	0.26	5.44	4.29	2	2	0	78
gmftools	19745	0	2.63	1.79	23.16	0.13	7	5.68	5	22	3	105
2ndaid06	138	0	0.4	1.2	23.2	0	4	4	1	0	0	5
trek-mapper	210	0	1.44	1.11	23.22	0	2.11	2.11	1	0	0	12
jcrasher	6252	0	2.48	1.34	23.33	0.21	4.23	3.17	1	5	0	96
mangastream-android	2199	0	2.02	1.33	23.35	0	3.02	3.02	1	0	0	2
thick4	1679	0	1.14	1.46	23.4	0.04	2.96	2.79	1	0	0	33
fireflyweb	898	0	1.66	1.69	23.41	0.31	4.45	3.38	1	0	0	2
cloudcache-java	702	0	1.36	1.29	23.43	0.14	5.93	4.93	1	0	0	2
xpresso-utils	1852	0	1.5	1.42	23.7	0.04	4.56	4.32	1	0	0	12
android-in-practice	15549	0	1.61	1.45	23.72	0.03	3.23	3.02	5	4	1	629
editora-lpm	9982	0	2.43	1.19	23.84	0.02	5.45	5.05	1	0	0	35
dbassert	5143	0	1.48	1.07	23.86	0.17	8.42	5.77	1	6	2	19
universalmvc	220	0	0.86	0.93	23.86	0	2.21	2.21	1	0	0	8
javafaces	1267	0	1.45	1.35	23.9	0	6.95	6.95	1	5	0	13
evolution-pinnwand	1867	0	1.43	1.35	24.05	0	3.92	3.92	4	16	6	104
copie	2609	0	1.79	1.27	24.06	0	4.44	4.44	1	0	0	9
uj-petri-net-simulator	4043	0	2.68	1.61	24.2	0.21	5.42	3.9	6	2	5	50
context-sensitive-mobile-ims	4728	0	2.07	1.28	24.3	0.02	3.74	3.7	2	0	0	37
cs-hangman	1109	0	1.25	1.25	24.35	0	2.13	2.13	2	0	0	101
engineeringsuite	29444	0	2.4	1.09	24.36	0.01	5.6	5.4	1	4	0	14
faculdades	171	0	1.2	1.4	24.4	0.4	5.4	3	1	0	0	11
intellbatt	1774	0	1.93	1.29	24.61	0	4.54	4.54	1	0	0	4
category-classification-double-check	488	0	1.89	1.11	24.67	0	3.67	3.67	1	0	1	15
droidslator	5782	0	1.59	1.16	24.74	0	4.48	4.48	2	0	0	215
jghost-portable	3063	0	1.98	1.25	24.79	0.09	4.61	3.63	1	0	0	24
jsmut	537	0	2.38	1.44	24.88	0.31	5.25	3.94	1	0	0	14
fixparser	1152	0	1.65	0.95	24.95	0.1	7.55	5.75	1	2	2	39
tardytron	1012	0	1.61	1.26	24.97	0.03	5.29	5.16	1	0	1	2
future118-crm	6139	0	1.97	1.61	24.98	0.25	5.73	3.64	1	1	0	20
anysuites	8831	0	1.88	2.03	25	0.39	7.54	3.89	1	0	9	129
watch-dog	1856	0	3.3	1.3	25	0.28	4.3	2.93	2	0	0	15
jboss-ip-filter	376	0	1.33	1.44	25.11	0.11	3.78	3.33	1	0	0	4
botleecher	1339	0	2.29	1.26	25.29	0	3.69	3.69	1	3	2	62
vehicles	8632	0	2.27	1.25	25.36	0.06	10.75	7.57	3	0	0	325
bjw	326	0	2.13	1.5	25.5	0	6	6	1	0	0	4
linkchecker	638	0	0.88	1	25.5	0	5.75	5.75	1	3	0	17
bgg-android-tools	4884	0	2.03	1.41	25.51	0.02	4.44	4.3	1	0	0	51
cliente-servidor-2010-llrv	6935	0	1.65	1.18	25.55	0	6.81	6.81	2	0	0	13
brewery-ci	847	0	1.38	1.58	25.63	0.08	3.83	3.5	1	0	0	104
jip-osgi	49683	0	1.5	0.97	25.64	0.2	7.36	4.02	1	0	0	3
aionjfree	265659	0	7.33	1.89	25.66	0.59	28.24	4.06	4	10	0	44
easyddd	1673	0	1.23	1.13	25.71	0.13	5.56	4.31	2	1	0	49
algoworld	4682	0	2.47	1.09	25.73	0.16	3.69	2.23	1	0	0	62
gwt-jaxrs-proxy	2384	0	1.62	1.52	25.9	0.21	6.62	6.48	1	2	0	15
logging4eclipse	2219	0	1.69	1.21	25.97	0.19	3.81	3.61	1	0	0	49
jprefctl	283	0	1.6	1.2	26	0	4.6	4.6	1	0	0	29
struts2kata	4263	0	1.46	1.33	26.02	0.06	6.03	5.27	1	0	0	254
vampidroid	2357	0	1.75	1.59	26.09	0.09	5.27	4.11	3	7	1	161
demo-projects	93078	0	1.09	1.2	26.12	0.04	4.93	4.22	1	0	0	173
alloy4eclipse	188962	0	3.94	1.74	26.17	0.05	10.17	9.32	12	0	0	1049
aviator	29722	0	3.69	1.5	26.18	0.38	11.51	7.31	1	4	0	64
divizor	2400	0	2.67	1.39	26.19	0.17	7.39	6.56	1	0	0	8
heuristica	31814	0	4.4	1.64	26.23	0.55	9.59	3.51	1	1	0	209
travelmanager-project	13710	0	3.06	1.63	26.51	0.29	8.74	4.85	3	0	0	313
tsukikage	1416	0	0.78	1.17	26.52	0	3.83	3.83	1	0	0	5
tarlog-plugins	790	0	1.04	1.48	26.56	0.12	4.24	3.32	1	16	8	28
cheetah-workflow	4186	0	2.33	1.55	26.65	0.13	5.77	3.94	2	2	0	17
good-to-go	1399	0	2.39	1.55	26.74	0	3.79	3.66	2	0	0	36
jbootcat	2185	0	1.15	1.2	26.76	0.11	4.09	3.28	2	0	0	5
java-wikipedia-parser	7343	0	2.42	1.42	26.96	0.21	10.35	9.23	1	11	0	10
football-league-manager	1069	0	1.26	1.53	26.98	0.3	1.81	1.72	1	0	0	5
clacs	34052	0	2.6	1.62	26.99	0.12	7.64	6.15	2	0	0	33
break-time	5828	0	1.96	1.24	26.99	0.19	5.19	4.11	1	0	0	223
gpen	116	0	0.67	1	27	0	3	3	1	0	0	4
cbmed2009	5499	0	1.28	1.54	27.11	0.04	4.3	4.04	2	0	0	90
ismbot	617	0	1.81	1.25	27.13	0.19	4.38	4	1	0	1	12
idea-spellchecker	1748	0	1.93	1.61	27.15	0.12	6.37	4.9	2	21	11	61
jug-joglosemar	307	0	1.25	1.25	27.25	0	8.25	8.25	1	0	0	4
bajos	4449	0	2.47	1.55	27.39	1.01	19.48	7.38	2	0	0	38
g15lastfm	2409	0	1.5	1.52	27.41	0.28	6.71	4.22	1	2	0	10
kshos	4429	0	2.61	1.86	27.43	0.24	11.55	5.51	3	9	5	93
wsep082	9901	0	2.79	1.18	27.51	0.02	5.18	5.13	5	0	0	117
bhj	3517	0	1.87	1.31	27.51	0	5.18	5.18	1	0	0	13
tootmidiseq	7258	0	2.99	1.86	27.63	0.21	10.76	5.48	1	0	0	5
tdp	10826	0	2.69	1.24	27.65	0.16	8.09	5.18	2	0	0	76
jaudit	4738	0	1.66	1.05	27.68	0.19	5.49	3.82	3	0	0	89
51os	106200	0	5.87	2.8	27.72	0.57	19.09	4.51	2	0	0	572
hoja-de-trabajo-5	368	0	0.55	0.73	27.73	0.18	4.09	3.55	1	0	0	4
travlib	914	0	2.63	1.79	27.74	0.42	8.37	5.42	1	0	0	9
israfil-micro	2479	0	1.56	1.34	27.85	0.47	6.39	4.23	1	3	4	46
jillow	9979	0	1.87	1.6	27.89	0.09	13.39	10.11	1	0	0	4
bookinfo	517	0	1	1.67	28	0	11.83	11.83	1	0	0	8
exclusao-mutua	1920	0	1.68	1.19	28.06	0	7.71	7.71	1	0	0	15
fltm	962	0	2.95	1.36	28.09	0	3.55	3.55	4	0	0	23
aetheria	68070	0	3.32	1.35	28.2	0.16	12.91	8.24	1	195	299	552
culandcon	607	0	2	1.45	28.2	0.15	4.3	4	1	0	0	5
compound-db	5906	0	2.29	1.23	28.32	0	5.08	4.81	3	0	0	119
football-manager	9043	0	1.65	1.25	28.33	0.04	7.42	6.7	1	0	0	53
gwt-masterview	1417	0	2.12	1.31	28.38	0.04	6.54	6.5	1	6	0	2
class-search	474	0	1.46	1.23	28.46	0.08	3	2.85	1	1	0	4
xoperator	2998	0	2.72	1.22	28.51	0.12	4.78	4.38	4	23	41	174
jcaster	2804	0	1.14	1.22	28.52	0	3.02	3.02	1	5	1	42
lobbytalk	2221	0	2.38	1.1	28.6	0	4.04	4.04	1	0	0	11
javaimagecreator	179	0	0.8	1.4	28.6	0.4	6.4	4	1	0	0	15
thewaybetter	594	0	1.71	1.19	28.71	0.05	3.76	3.48	2	0	0	17
java-daogenerico-uff-2009-2	3469	0	3.09	1.14	28.79	0.19	6.56	4.51	2	0	0	11
easyetl	291	0	0.71	1	28.86	0	3.43	3.43	1	0	0	21
gwt-comet	5944	0	2.04	1.75	28.88	0.35	12.79	4.72	1	30	7	117
terceiraguerra	987	0	1.43	1.33	28.9	0	3.48	3.48	1	0	0	3
vpfarm	2654	0	2.38	1.45	28.91	0	4.4	4.4	1	0	0	3
fmap	8920	0	3.5	1.34	28.92	0	5.1	5.1	1	0	0	3
distributed-software-application-crawler	2748	0	1.92	1.27	29.08	0	6.92	6.92	2	10	0	231
jfiltproxy	611	0	1.3	1.2	29.1	0	3.3	3.3	1	0	0	9
ashevillejam2011	45504	0	4.53	2.83	29.13	0.6	59.07	6.11	1	0	0	25
jsmin-ant-task	354	0	0.8	1.8	29.2	0	4.6	4.6	1	15	4	25
upcdsd-20112-epica	3608	0	2.09	1.44	29.25	0	4.91	4.91	5	0	0	374
dniesign	11515	0	2.26	1.3	29.26	0	3.19	3.19	1	0	0	704
javamd5cracker	310	0	1	1.33	29.33	0	6.33	6.33	2	0	0	11
hypeerweb	11305	0	3.08	1.47	29.34	0.23	7.04	5.9	5	0	0	228
blackberry-google-chart-api	447	0	0.92	1.46	29.62	0.38	5	4.38	1	1	0	10
almoxarifadobdav	1309	0	2.87	1.35	29.65	0.26	7.39	5.83	1	0	0	3
javauebungenfhfrankfurt	721	0	0.53	1	29.71	0	6	6	1	0	0	30
closure-templates	41569	0	5.19	2.08	29.77	0.46	16.79	5.24	5	58	9	27
joverseer	69879	0	4.23	1.63	29.78	0.29	10.55	5.3	2	0	1003	498
emf4swing	1113	0	2.61	1.74	29.87	0.26	6.74	5.43	1	0	0	8
algorithmes-graphe	587	0	2.22	1.22	29.89	0.22	8	6.89	2	0	0	42
killerbox	4579	0	2.84	1.56	29.93	0.19	5.22	4.22	4	0	0	225
uilabs	173	0	0.33	1.17	30	0	2.5	2.5	1	0	0	4
tesisrrhh	18905	0	2.31	1.25	30.1	0.08	5.68	4.95	2	0	0	106
biffbamblammogame	3417	0	1.77	1.34	30.28	0	4.64	4.64	1	0	3	557
toolkits	4170	0	1.15	1.13	30.31	0	4.03	4.03	1	3	0	50
jchav	1857	0	2.17	1.11	30.33	0.03	4.64	4.31	3	9	16	177
fogo	5367	0	2.2	1.41	30.35	0.21	7.29	5.94	1	0	0	23
coolercat09prj	13937	0	2.23	1.46	30.38	0.26	7.75	7.14	1	0	0	246
xtremme-pinball	6248	0	2.21	1.4	30.5	0.03	5.79	5.08	3	33	46	290
elihusmails	1393	0	1.27	1.27	30.57	0	4.67	4.67	2	0	0	112
vkantakte-projects	427	0	1.13	0.93	30.6	0	2.53	2.53	1	0	0	8
birthdayplus	7347	0	2.8	1.24	30.61	0.02	5.84	5.64	4	0	38	983
transdroid-desktop	3819	0	1.57	1.26	30.75	0.16	8.27	5.99	1	0	0	7
gwtai	2305	0	1.55	1.4	30.77	0	3.28	3.28	2	22	6	41
cursos-wpjr	20172	0	4.15	1.99	30.77	0.4	12.85	5.52	1	0	0	72
instantiations	114	0	0.8	1.8	30.8	0	3.8	3.8	1	0	0	3
javersion	753	0	1.96	0.88	30.83	0	2.88	2.88	1	1	0	9
swoop	78892	0	2.49	1.38	31.18	0.09	9.69	8.46	2	0	0	17
librank	396	0	0.45	0.91	31.18	0	2.91	2.91	1	0	0	7
loc-counter	256	0	1.4	1.2	31.2	0	2.8	2.8	1	0	0	3
as3toxmi	4430	0	2.26	1.32	31.29	0.16	11.68	8.76	1	1	0	8
bxip	254	0	0.5	1	31.5	0	7.17	7.17	2	0	0	11
hello-spring-25	513	0	1.83	1	31.5	0	3.67	3.67	1	0	0	11
bssoasec	583	0	1.39	1.35	31.55	0.1	3.06	2.39	2	0	0	7
j-ocr	1005	0	1.22	1.11	31.56	0	3.44	3.44	1	2	0	6
granizo	139	0	1.14	2	31.57	0.29	3.71	2.86	1	0	0	8
u-apo1	1242	0	1.73	1.73	31.64	0	7.82	7.82	1	0	0	5
bigcache	966	0	1.52	1.28	31.64	0.12	5.36	4.4	1	0	0	7
trentobus-schedule-converter	931	0	1.8	1.4	31.73	0.27	10.73	7.33	1	0	0	2
xalan-reports	10226	0	4.1	1.33	31.76	0.22	9.78	6.78	2	3	0	22
lesscss4j	940	0	1.1	1.5	31.8	0.4	11.6	10	1	2	0	128
headquarter	720	0	2.2	1.56	31.88	0.28	5.4	3.2	1	0	0	4
happy-growing	28250	0	2.56	1.16	31.97	0.27	15.11	7.08	1	0	0	23
tin-project	4589	0	2.1	2.12	32	0.5	8.89	3.67	2	0	0	193
logfacade	498	0	1.6	1	32	0	8.2	8.2	1	0	2	25
algosencillo	2209	0	2.21	1.21	32.15	0.06	5.85	5.79	1	0	0	2
batalhanaval	3321	0	1.78	1.39	32.16	0	5.53	5.53	4	0	0	157
compiladorturboches	3018	0	2.46	2.11	32.21	0.43	11.07	6.64	2	0	0	140
xtremeobjects	14292	0	2.24	1.29	32.26	0.11	7.63	6.44	1	4	23	96
easyedt	1342	0	1	1.7	32.3	0	4	4	2	0	0	8
zuaari	2438	0	1.16	1.19	32.31	0.1	4.7	3.9	3	0	0	25
gtalkbotplus	468	0	1	1.83	32.33	0.33	3.17	2.75	1	0	0	9
iprj4-blackjack	1425	0	1.9	1.65	32.35	0.1	6.8	5.7	4	0	0	109
tock	2527	0	2.45	1.14	32.38	0	7.83	7.83	1	6	13	20
java-content-management-console	4118	0	1.83	1.38	32.39	0.02	3.83	3.46	1	0	0	2
easiest-cache-ever	893	0	2.04	1.04	32.39	0	4.22	4.22	1	0	1	13
upcdew-playaestacionamiento	7512	0	2.19	1.38	32.47	0	6.07	6.07	5	0	0	25
java-remote-control	589	0	0.82	1.36	32.55	0	3.45	3.45	1	10	1	26
cmpt371t1	59105	0	3.02	1.28	32.61	0.24	10.01	6.69	9	66	24	589
trabajoisg2	475	0	0.92	1.15	32.69	0.15	9.69	9.38	1	0	0	5
jutility	1137	0	0.89	1.19	32.78	0.16	4.62	4.14	1	0	0	40
killertracking	218	0	1	1.14	32.86	0	4.43	4.43	1	4	0	4
android-fraud-detection-and-display-system-ftse-100	4618	0	1.65	1.42	32.88	0.2	6.58	4.9	3	0	0	48
ener-j	198003	0	2.65	1.79	32.89	0.41	16.85	7.17	1	0	0	227
lottipostel	2073	0	1.64	1.64	32.91	0.27	9.24	5.91	1	0	0	21
beans-board	384	0	0.8	1.7	33.2	0.7	12.8	4.4	2	0	0	7
jme-demos	7257	0	1.91	1.43	33.21	0.09	4.82	3.76	4	2	0	49
dataharbour	9511	0	2.75	1.38	33.31	0.04	8.55	7.67	1	0	1	76
beanshell2	16677	0	3.56	1.43	33.35	0.29	11.23	6.6	5	0	0	78
bukkit-to-date	463	0	0.2	1.2	33.6	0	3.8	3.8	1	2	1	6
java-speed-o-meter	364	0	1.17	1.08	33.67	0	2.17	2.17	1	1	0	11
gwtrpc4j	2738	0	1.15	1.06	33.69	0.06	5.33	3.81	1	0	0	13
inkanno	17712	0	3.97	1.98	33.71	0.36	12.69	5.63	1	0	0	32
zing	6237	0	2.48	1.73	33.74	0.51	10.77	7.01	1	2	0	43
treed	29710	0	1.77	1.57	33.75	0.22	10.77	6.79	1	0	0	5
volatileengine	5662	0	2.56	1.65	33.79	0.5	8.89	4.84	1	1	0	125
yajba	6615	0	2.68	1.67	33.84	0.49	11	7.77	1	2	1	76
jscriptreader	1142	0	1.5	1.36	33.93	0	3.29	3.29	1	1	0	12
busonline	249	0	1	1.57	34	0.43	5.07	3.93	1	0	0	10
droiddraw	9552	0	3.05	1.75	34.07	0.3	16.54	4.67	1	395	224	199
finance-p	721	0	0.75	1.25	34.08	0.08	7.17	6.92	1	0	0	9
koziolekprojectpack	8863	0	0.96	1.28	34.13	0.04	3.03	2.83	1	0	0	190
han2pinyin	2112	0	0.91	1.09	34.18	0	4.36	4.36	2	10	8	30
life	702	0	1.5	1	34.19	0	7.06	7.06	1	0	0	2
javacalculus	5721	0	5.16	1.44	34.19	0.27	10.14	8	2	2	0	86
ford	1926	0	2.76	1.49	34.22	0.03	4.32	4.24	4	0	0	92
jacrim	38724	0	3.51	1.59	34.24	0.22	8.92	5.7	1	0	0	180
gwtgl	8288	0	3.35	1.88	34.45	0.29	11.63	8.55	2	19	0	222
anhquan	107422	0	4.29	1.79	34.52	0.42	19.31	7.33	1	1	0	67
vcr4j	6510	0	2.35	1.47	34.61	0.22	8.16	4.71	1	1	0	72
legointernational	4915	0	1.37	1.29	34.61	0.05	3.47	2.95	4	0	0	109
mad4jtoys	12792	0	1.52	1.56	34.72	0.14	6.9	6.33	1	3	8	46
f3server	12770	0	2.66	1.56	34.76	0.46	10.2	6.87	1	22	11	433
tcases	13236	0	3.43	1.57	34.77	0.27	11.73	7.58	1	2	0	211
vetecheck	5135	0	0.93	0.95	34.85	0.04	5.41	4.53	1	0	0	15
ambiance	4614	0	1.37	1.72	34.99	0.16	4.43	3.52	1	1	0	328
emo-framework	533	0	0.8	1.6	35	0	6.8	6.8	1	17	2	962
esme-java-library	218	0	0.5	1	35	0	11	11	1	0	0	3
ingresso-na-pos	10567	0	3.65	1.8	35.03	0.33	8.6	5.95	14	0	19	260
web-socialized-syllabus-for-huasers	1821	0	0.93	1.34	35.17	0	5.72	5.72	1	0	0	6
tourismexml	333	0	0.67	1.33	35.22	0	2.56	2.56	2	0	0	10
jgcloud	2727	0	1.03	1.33	35.33	0	4.48	4.48	1	1	0	78
julio-sistemas-mod4	2046	0	1.29	1.26	35.36	0.05	5.02	4.48	1	1	0	34
co-soft	2592	0	1.09	1.21	35.49	0.14	3.97	2.88	4	21	13	851
jybookshop	883	0	1.42	1.35	35.62	0.04	3.73	3.69	1	0	0	16
flowgame	7217	0	2.66	1.89	36.03	0.38	8.23	4.96	5	36	20	787
liverecordingreview	633	0	1.57	1.36	36.07	0	6.29	6.29	1	0	0	19
azw	2392	0	2	1.02	36.09	0.17	7.94	5.72	1	0	0	16
tredtris	3039	0	2.02	1.64	36.22	0.29	13.53	6.32	1	0	0	42
flexdesigner	16531	0	4.08	1.67	36.27	0.39	9.96	7.03	1	0	0	53
house-of-pets	3476	0	0.8	1.51	36.32	0	6.08	5.95	4	20	0	68
xincproc	2024	0	2.39	1.43	36.35	0.26	9.13	6.78	1	0	0	34
floxs	24551	0	1.89	1.34	36.35	0.22	10.41	8.07	1	0	0	43
depunit	3043	0	2.04	1.39	36.41	0.22	7.8	6.41	1	0	0	34
stripes-birt-webreport	268	0	0.6	1	36.6	0	4.8	4.8	1	1	0	50
apontamentodehoras	171	0	1	1.17	36.83	0	4.17	4.17	1	0	0	7
hoipolloi	7902	0	2.38	1.41	36.88	0.02	6.89	6.75	3	17	0	175
clasp	11098	0	0.8	1.17	36.9	0.07	11.54	10.61	1	0	0	33
arkmodel2d	2141	0	3.46	1.5	37.19	0.42	10.21	6.77	2	0	0	68
jradiusserver	7142	0	2.27	1.29	37.25	0.19	7.78	5.92	1	0	0	16
java2rsf	1220	0	1.09	1.55	37.27	0	9.73	9.73	1	0	0	7
earthvisualization	2133	0	1.79	1.28	37.31	0.05	6.28	6.18	1	0	0	11
javawebtop	545	0	1.08	1.23	37.31	0	5.69	5.69	1	0	0	12
cnc-milling-machine	5837	0	2.21	1.41	37.31	0.15	6.63	4.54	1	0	0	20
theopenpam	1376	0	1.79	1.32	37.36	0.11	8.57	6.25	1	0	0	8
ddb2009	3726	0	2.59	1.33	37.36	0.05	5.1	4.95	3	0	0	119
hsvin	2371	0	1.24	1.12	37.36	0	4.39	4.39	1	0	0	123
javacommand	232	0	2.4	1.2	37.4	0.2	5	3.6	1	0	0	18
tivostream	2310	0	2.32	1.53	37.47	0.11	6.74	6.42	1	1	3	15
tetris-mina	1831	0	2.1	1.48	37.6	0.23	5.73	4.58	1	0	0	4
utilidadesswing	873	0	1.2	1.25	37.65	0	5.45	5.45	1	0	0	13
mapbrew	13374	0	3.02	1.84	37.69	0.36	11.2	5.48	1	0	0	15
cf-easycms	1528	0	0.93	1.41	37.69	0.17	5.14	4.76	1	0	0	4
ubertorrent	2269	0	2.11	1.14	37.81	0	5.49	5.49	1	0	0	9
carcassone-m1-p7	1886	0	3.14	1.63	37.83	0.4	6.14	4.4	2	0	0	47
xptetris	1466	0	1.22	1.62	37.84	0.31	8.49	3.64	1	6	5	14
catnip	1651	0	1.64	1.82	37.97	0.18	6	5.39	1	0	0	29
arduino-freenas	1096	0	1.29	1.38	38	0.38	7.62	5.52	1	0	0	7
iblish	284	0	0.86	2	38	0.14	3.14	2.71	1	0	0	4
super-simple-xml	2067	0	1.63	0.75	38	0	11.19	11.19	1	0	0	3
deck-builder	5140	0	2	1.46	38.2	0.11	5.61	4.83	1	2	10	35
blinkspeak	1366	0	1.6	1.28	38.25	0.03	4.15	4	1	0	0	2
autolib-java-client	3870	0	3	1.21	38.26	0.16	14.21	11.68	1	0	0	3
apiitfriends	1384	0	1.52	1.2	38.28	0.37	4.65	3.89	1	0	1	10
j-mas	1573	0	1.6	1.07	38.33	0	6.33	6.33	3	0	0	89
xname	449	0	1.67	1.33	38.33	0	6	6	1	0	0	2
xmlzen	1048	0	1.59	1.06	38.35	0	5.88	5.88	2	7	9	43
livingparticles	293	0	1.33	1.33	38.5	0	4.67	4.67	2	0	0	10
visual-tracer	2789	0	2.8	1.63	38.51	0.24	10.75	5.56	3	2	2	26
lucenesir	29116	0	3.41	1.54	38.54	0.45	11.99	7.45	1	0	0	10
gwt-freezedry	1171	0	1.06	1.13	38.56	0	5.06	5.06	1	0	0	5
barbershop	4081	0	2.4	1.83	38.56	0.39	9.2	7.09	1	0	0	108
vhf-ingenieros	4174	0	1.26	1.05	38.6	0.02	9.05	8.81	3	0	0	187
flughaffen	2435	0	1.17	1.13	38.61	0.02	5.57	5.54	2	0	0	70
fivehundred	2463	0	2.11	1.48	38.9	0.22	8.21	5.17	1	0	8	69
flywheel	8406	0	2.59	1.39	39.08	0.13	7.28	5.46	1	0	0	484
jspcommerce	1286	0	1.05	1.18	39.09	0	8.36	8.36	1	0	0	13
wmf2svg	5474	0	2.28	1.58	39.19	0.42	11.75	10.42	1	17	1	149
dimond-smoke-simulation	796	0	1.2	1.6	39.2	0	6	6	2	0	0	24
empeiria	186	0	0.25	1.75	39.25	0.25	8.25	7.25	1	0	0	5
cardsmemory	1167	0	2.11	1.33	39.28	0.06	5	4.67	1	0	1	3
kantinesimulatie2010	1866	0	1.48	1.26	39.32	0.16	7.77	5.52	1	0	0	49
surfacelib	3201	0	2.16	1.93	39.36	0.84	52.53	7.69	1	4	0	29
agileet	3061	0	3.12	1.62	39.48	0.02	8.26	7.69	2	11	26	162
summerschool-rdz	1774	0	2.02	1.3	39.48	0.18	6.23	5	1	0	0	12
kylm4j	3143	0	2.79	1.35	39.49	0.33	12.65	7.19	1	0	0	7
agreementdsl	9025	0	3.52	1.73	39.49	0.21	9.2	8.09	1	0	0	44
jtextpad	164	0	0.5	1.5	39.5	0	4.5	4.5	1	1	0	7
lazyoverflow	1250	0	1.18	1.39	39.5	0.54	12.64	7.21	1	1	0	6
agrobot-uepg	3905	0	1.72	1.4	39.58	0.05	4.89	4.79	2	0	0	27
timetool	4416	0	2.72	1.36	39.59	0	5.78	5.78	1	0	12	358
boxer-bayesian-regression	10501	0	4.83	1.42	39.6	0.18	9.78	6.29	3	0	0	167
documentation-integration-application	3405	0	1.83	1.14	39.75	0	6.58	6.58	1	0	0	30
xworkframework	3814	0	2.05	1.82	39.79	0.29	5.76	4.97	3	0	0	89
freeagent-java-client	1303	0	0.71	0.76	39.88	0	4.44	4.44	1	0	0	6
easyupdater	845	0	1.82	1	39.91	0	7.64	7.64	1	0	0	44
wassup-ds	8145	0	1.94	1.19	39.95	0.07	9.62	9.06	4	0	0	343
bluescatnet	13290	0	2.65	1.56	40.14	0.1	7.71	5.72	1	0	0	3
gwt-test-util-eclipse-plugin	1314	0	2	1.23	40.15	0	5.54	5.54	2	3	0	15
ice-engine	1325	0	1.91	1	40.18	0	6	6	1	1	0	3
asyncorg	5450	0	2.08	1.89	40.22	0.36	18.89	6.16	1	0	0	196
fantacalciocidefaro	1830	0	2.24	1	40.24	0	10.52	10.52	3	0	0	48
city-bus-times	205	0	0.67	1.33	40.33	0	4.33	4.33	2	0	0	7
j-proxy	1129	0	1.29	1.29	40.35	0.16	4.32	3.84	1	0	0	19
easyexecutor	636	0	1.23	1.08	40.54	0	5.23	5.23	1	0	0	9
custom-keymatch-onebox	4737	0	2.14	1.08	40.56	0.14	5.97	4.83	2	0	0	122
kino-rezerwator-sal	1261	0	2.42	1.12	40.67	0	5.36	5.24	4	0	0	29
chartparse	969	0	1.95	1.18	40.73	0.09	6.14	5.5	1	0	0	38
cio2005	6042	0	1.32	2.46	40.86	0.47	7.2	5.04	1	0	0	5
esther	1281	0	0.64	1.19	41	0	3.5	3.5	1	10	0	66
theprophecy	4406	0	3.94	1.41	41.11	0.2	8.44	6.62	2	1	0	103
crepz-player	14898	0	2.46	1.25	41.28	0.01	8.28	8.01	2	0	0	105
kol-kingdom-of-llenoquelle	3961	0	2.14	1.53	41.29	0.28	13.57	8.03	1	2	0	12
ts3querylib4j	1443	0	1.22	1.46	41.3	0.48	6.19	4.78	2	1	0	18
ibatis-lab	1441	0	0.89	1.28	41.44	0.28	19.17	16.78	1	0	0	3
finchleycentral	11393	0	3.95	1.89	41.61	0.45	12.22	6.48	8	46	2	175
jsmpp	14249	0	4.86	1.51	41.65	0.28	10.61	6.75	3	219	67	236
ddb2008	5589	0	2.44	1.22	41.82	0.04	7.89	7.84	3	0	0	281
google-charts-in-java	308	0	1	1	42	0.17	8.5	5.5	1	0	0	2
lab-proyecto-1	203	0	1	1.4	42.2	0.4	9.2	6.4	2	0	0	7
dipacademia	15524	0	3.98	1.5	42.24	0.34	12.1	7.55	1	0	0	268
jsf-component	323	0	0.5	1.25	42.25	0	6.5	6.5	1	0	0	9
exformationlib	1847	0	2.14	2.11	42.46	0.54	16.59	6.57	1	0	0	9
fu-gameai	1002	0	3.07	1.6	42.47	0.13	5.33	4.67	1	0	0	25
hotairballoon	1079	0	1.83	1.58	42.63	0.21	6.54	4.5	1	0	0	10
wimi-os	1496	0	2.68	1.29	42.64	0	3.32	3.32	2	0	0	9
izhenhua	7296	0	2.83	2.89	42.7	0.67	13.25	7.71	2	0	0	93
extrajudicial	1148	0	2.27	1.15	42.81	0.19	7.65	6.12	1	0	0	2
youaretrash	3411	0	2.94	2.03	42.83	0.23	5.51	4.83	1	1	0	10
tinisat-j	696	0	1.29	1.14	42.86	0.14	8	5.57	1	0	0	6
gsoc08-onto-swarm	20099	0	2.04	1.89	42.86	0.29	23.11	6.72	2	0	3	63
drarch	10285	0	2.9	1.45	42.87	0.11	6.94	6.34	2	11	9	283
doctestj	413	0	0	1	43	0	7.5	7.5	1	0	0	16
jomnilink	7241	0	2.46	1.72	43.03	0.41	8.7	5.64	2	2	0	49
yywork3	1294	0	1	1.45	43.17	0.03	4.83	4.69	3	0	0	23
kaze-prj	258	0	0	2	43.2	0	4.2	4.2	1	0	0	10
fbvdistribuidora	2861	0	4.3	2	43.24	0.54	15.11	8.24	2	0	0	30
jnardi	164	0	1.75	1.13	43.25	0	2.13	2.13	2	0	0	32
justlet	45003	0	2.48	1.28	43.5	0.07	8.52	7.23	1	0	0	956
blackjackinjava	1406	0	1.92	1.08	43.54	0	8.31	8.31	4	0	0	51
hobbylinkchecker	17411	0	1.89	1.8	43.67	0.39	15.26	7.66	1	0	0	31
tomhoornaert	6455	0	1.81	1.19	43.74	0.08	6.11	5.62	2	0	0	74
amazonas	5606	0	1.73	1.29	43.8	0.14	9.35	6.42	1	0	0	70
benches	215	0	1	1.27	43.82	0	2.64	2.64	1	0	0	31
looker	3603	0	3.48	1.24	43.85	0.18	6.11	5.21	1	0	0	28
blueshmuzeec	1402	0	2.33	1.43	43.9	0	5.52	5.52	1	0	0	5
javver	307	0	0.67	1.58	43.92	0	2.33	2.33	2	0	0	28
eclipse-server-manager	16473	0	2.69	1.47	44	0.24	10.77	6.88	1	0	0	84
cluster	115804	0	2.8	2.13	44.02	0.28	20.37	7.26	1	0	0	60
fabrica-zara	1937	0	1.78	1.43	44.14	0.34	7.83	4.79	1	0	0	22
cubooks	2271	0	2.16	1.06	44.44	0.13	9	7.63	1	6	20	2
sztakipedia-parser	7803	0	3.33	1.43	44.45	0.47	24.12	13.06	3	2	9	34
ivy-facade	1776	0	2.61	1	44.52	0	5.16	5.16	1	0	0	32
flagfan	4402	0	2.82	1.09	44.56	0	6.53	6.53	1	1	0	28
eternity2-java-helper	2253	0	3	1.19	44.81	0	7.06	7.06	2	0	0	75
word-evo	1038	0	0.6	1.3	45.2	0	8.5	8.5	1	0	0	38
blowfishkau	583	0	0.75	1	45.25	0	3.75	3.75	2	0	1	21
koltello	778	0	1.08	2.25	45.25	0.33	5.5	4.5	1	0	0	14
twitter4spark	697	0	1.31	1.31	45.38	0	6.38	6.38	1	0	0	8
hegemonycompiler	1591	0	1.9	1.55	45.4	0	3.75	3.75	2	0	0	9
arclib	14608	0	3.02	1.28	45.41	0.22	9.42	7.34	1	0	0	27
bhf	1452	0	1.21	1.29	45.79	0	5.29	5.29	2	0	0	204
cnmarc4j	434	0	1.3	1.3	45.8	0	4.4	4.4	1	0	0	11
wanderson	7436	0	1.75	1.61	45.84	0.07	4.99	4.39	3	0	0	1007
sysc2101-softwareproject	2872	0	4.29	1.94	45.87	0.32	9.81	5.68	3	0	0	157
jebliki	1446	0	2.71	1.71	45.93	0.15	5.59	4.49	1	0	0	15
fluidity-project	3500	0	1.61	1.32	46.02	0.26	10.5	4.77	1	0	0	41
taobaocaipiao	9978	0	1.38	1.27	46.06	0.19	11.92	10.38	1	0	0	91
ik-analyzer	3352	0	2	1.33	46.07	0	6.9	6.9	2	138	29	89
superascio	3358	0	1.3	2	46.07	0.29	9.54	4.67	2	1	0	21
wiki-hibernate-stefano	8289	0	1.12	1.1	46.29	0.03	9.45	9.3	1	0	0	173
fractalizer	956	0	3.59	1.14	46.5	0	5.09	5.09	2	4	12	62
filmdeltaplugin	733	0	0.67	1.67	46.5	0.17	13.83	10.33	1	0	1	16
update19	483	0	1.11	1	46.56	0	5.33	5.33	1	0	2	12
marioai	15873	0	3.66	1.39	46.61	0.27	11.82	8.05	5	13	2	712
congaplayer	1598	0	3.71	1.4	46.77	0.29	4.31	3.46	2	0	0	115
exercisedrawer	821	0	1.6	1.2	46.9	0	10	8.2	1	0	2	10
ddljen	1001	0	2.08	1.6	46.92	0.44	9.16	6.36	1	0	0	13
google-diff-match-patch	2276	0	2.17	1.33	47	0	14.17	14.17	1	98	13	65
json-jee	210	0	0.33	1	47	0	6.67	6.67	1	0	0	10
a-simple-lastfm-scrobbler	5860	0	2.77	1.84	47.02	0.24	7.32	5.43	1	0	0	96
blokucbl	475	0	0.55	1.4	47.1	0.05	5.35	5.2	1	0	0	7
jdc-client	11408	0	2.43	1.63	47.2	0.13	8.81	7.61	1	0	0	24
therefromhere	1223	0	1.08	1.17	47.25	0	4.75	4.75	1	0	0	4
gunncs	18698	0	2.46	1.42	47.34	0.25	10.32	7.15	3	0	1	63
google-ai-ants-wsf	7228	0	2.45	1.54	47.46	0.26	17.44	11.16	1	0	0	17
discography	4447	0	2.12	1.36	47.48	0	6.15	6.15	1	0	0	7
fuzzysolver	1692	0	1.79	1.38	47.54	0.33	9.04	7	1	0	0	21
expantion	3279	0	2.73	1.39	47.58	0.21	8.53	6.08	1	0	0	99
fa7-shoppingvirtual	7207	0	2.21	1.29	47.69	0.19	13.14	10.71	15	0	0	418
hyperspin-content-manager	3947	0	2.78	1.62	47.92	0.23	4.75	3.7	1	0	5	70
tron-ai-challenge	711	0	2.33	1.33	48.22	0.11	7.67	6.22	1	0	0	18
bna-bolsadellibro	238	0	0.75	1	48.25	0	9.5	9.5	1	0	0	3
vird-gm	553	0	1.45	1	48.27	0	5.36	5.36	1	0	0	7
webos-eclipse-plugin	866	0	1.93	1.5	48.29	0	5.86	5.86	1	1	0	14
ascrblr	4380	0	1.54	2.12	48.37	0.55	7.05	4	2	5	9	74
cen3031catan	10629	0	4.84	1.42	49.04	0.11	8.47	7.35	10	1	0	177
learnstruts2	120	0	0.5	1.75	49.25	0	5.75	5.75	1	0	0	3
cloudsystem	7748	0	4.93	2.02	49.35	0.5	11.13	5.83	1	0	0	126
maven-svn-reporter	566	0	1.25	1.17	49.75	0	6.58	6.58	1	0	0	11
webloginmodule	246	0	1	1.4	49.8	0	3.2	3.2	1	0	0	8
zooball-game-class-spring-2009	3494	0	2.6	1.3	49.83	0.2	17.58	10.1	2	0	0	81
gadjet	4471	0	3.69	1.45	49.83	0.38	10.62	7.76	1	0	0	52
cwatchthehamster	2527	0	2.09	1.35	49.87	0	8.17	8.17	1	1	0	8
wobmail	2281	0	2.39	2.11	49.92	0.33	10.08	8.19	1	5	23	46
ipcards	5070	0	5.15	1.49	50.44	0.18	9.56	9.03	5	17	49	475
webterm	4376	0	1.64	1.23	50.68	0.11	4.53	3.76	1	0	0	75
caffeineim	10631	0	3.64	2.66	50.72	0.46	13.51	4.89	6	8	11	105
brxsy	4307	0	3.68	1.66	50.75	0.09	8.43	7.2	5	0	0	340
javagraphpackage	405	0	0.4	1.4	50.8	0.4	11.6	7.2	1	0	0	3
jrw-openscore	1081	0	1.36	1.32	50.8	0	5.4	5.4	1	3	1	30
lcpd-scope	1353	0	2.28	1.39	50.89	0.06	5.89	5.56	3	0	0	32
eclipse3d	241	0	0.6	1.8	51	0	3.2	3.2	1	0	0	3
enviamos-a-toda	248	0	0	1	51	0	9.33	9.33	1	0	0	8
blackboardeventprocessor	5088	0	2.35	1.08	51.14	0.06	13.41	10.39	2	0	0	74
hibou	22237	0	1.43	1.67	51.17	0.05	11.09	10.87	4	0	0	668
evolveautotest	1309	0	2.22	1.44	51.52	0.07	5.44	5.07	1	0	0	53
jhpserver	3135	0	2	1.39	51.55	0.08	6.03	5.08	2	0	0	140
clickframes-jee6	639	0	1.08	1.33	51.92	0.08	4.83	4.42	2	6	0	106
works	5477	0	1.88	1.75	52.04	0.25	8.75	7.81	2	0	0	69
cephlib	14249	0	1.58	1.76	52.04	0.21	5.69	3.89	1	0	0	30
iso-3	1478	0	2.94	1.41	52.12	0	12.06	12.06	2	0	0	38
jnmp2p	351	0	2	1	52.29	0	6	6	1	4	1	7
irssi-game-scripts	563	0	1.6	1.4	52.3	0	8.5	8.5	1	0	0	15
jee-cluster-tools	387	0	1.33	1.33	52.33	0	4.67	4.67	1	0	0	5
flingers	1860	0	1.56	1.69	52.38	0.25	7.69	7.5	1	1	0	2
xsearchengine	2256	0	1	1.08	52.83	0	8.67	8.67	1	0	0	14
xiyu-code	17867	0	2.7	1.84	52.94	0.55	14.93	8.69	1	0	0	394
autowebframe	5292	0	1.13	1.19	53.46	0.04	11.15	10.29	1	0	0	61
dbbridge	785	0	1.7	1.2	53.6	0	3.8	3.8	1	0	0	3
jlmtools	7866	0	2.44	1.25	53.94	0.17	7.5	6.43	5	0	0	150
digitaltesbih	809	0	1.5	1.5	54	0	9.83	9.83	1	1	0	20
kidalarichfaces	60	0	0.5	1	54	0	5.5	5.5	1	0	0	3
appengine-data	1083	0	1	1.45	54.27	0.09	6.55	6.09	1	0	0	20
blogger-api-client	325	0	2	1.17	54.5	0	8.83	8.83	1	2	0	15
jsquant	433	0	1.5	1.38	54.5	0	3.5	3.5	1	0	0	25
gjofc	2319	0	0.61	1.98	54.74	0.61	19.81	9.31	1	0	0	3
doomtrains	1402	0	0.92	1.36	54.84	0	6.28	6.28	3	0	0	43
syszonavibe	1219	0	1.47	1	54.94	0	11.12	11.12	1	0	0	74
ujr-scorecard	25666	0	3.84	1.83	54.97	0.21	11.88	8.23	1	0	0	6
unterhaltung-pcs-sgbd	3670	0	1.42	1.45	55.27	0.28	8.7	7.37	4	0	0	127
gateplugin-stringannotation	8194	0	1.71	1.68	55.33	0.36	15.03	9.63	1	4	2	82
jate-yate	388	0	1	1	55.33	0	10	10	1	0	0	2
epilepsy-prediction	1459	0	2.07	1.66	55.52	0.34	7.62	6.38	1	0	0	4
jfinancecontrol	1142	0	0.62	1.62	56	0	7.69	7.69	1	0	0	4
magicw-apps	2713	0	2.87	1.54	56.08	0.08	6.05	5.82	1	0	0	34
iueiblog	910	0	0.88	1.38	56.19	0	9	9	1	0	0	18
xwiki-mantis-plugin	6491	0	2.78	1.26	56.44	0.11	18.56	18.11	1	0	0	2
jopenid	1750	0	1.85	1.31	56.46	0	8.85	8.85	2	28	0	37
javabomber	3023	0	1.78	1.33	56.78	0	13	13	1	1	3	27
lorent-fonfrede	3331	0	1.98	1.28	57.25	0.05	3	2.79	1	1	5	46
zmanim-framework	2423	0	1.8	1.4	57.9	0.3	24.3	17.2	1	0	0	8
itmo-kis	303	0	1.4	1.2	58.7	0	4.2	4.2	1	0	0	6
talentcalc	1239	0	1.3	1.9	58.7	0	8.9	8.9	1	0	0	8
e-receipt	1473	0	2.31	1.77	58.85	0.38	10	8.46	2	0	0	10
jcatering	2829	0	0.5	1.41	58.86	0	12.59	12.59	1	0	0	24
kimnetdemos	8457	0	2.24	1.19	59.1	0	11.19	11.19	1	0	0	75
httrack2arc	890	0	1.3	1.2	59.4	0	6.7	6.7	1	0	0	4
ahy	3746	0	1.88	1.32	59.42	0.25	8.75	6.49	1	1	2	64
khlexplorer	7744	0	2.1	1.68	59.54	0.16	6.78	5.37	1	0	0	31
dbmetadataconverter	493	0	1.67	1	60	0	13.17	13.17	1	1	0	4
yajdr	2641	0	1.86	1.68	60.09	0	5.95	5.95	1	1	0	8
alocadormap	2670	0	2.88	1.16	60.56	0	9.68	9.68	1	0	0	3
wicket-javaone-demo	499	0	1.41	1.48	60.7	0.15	2.04	1.74	1	0	0	21
coopsender	425	0	1	1	62.33	0	8.67	8.67	1	0	0	2
ebookplusme	2652	0	2.5	1.45	62.8	0.05	12.05	10.75	1	0	0	57
banco-corba-exemplo	1582	0	3.43	1.33	63.53	0.07	5.7	5.43	1	0	0	7
java-viddler-api-client	1445	0	1.03	1.21	63.71	0.06	8.21	8.09	1	2	0	14
betdaq-api	1442	0	1.59	1.12	63.94	0	13.41	13.41	1	0	0	3
wahlsystem	2934	0	2.43	1.57	64.23	0.36	8.95	7.2	2	0	0	122
ibee-project	31624	0	4.45	1.43	65.13	0	13.87	13.83	5	0	0	243
jardinadmin	2593	0	1.79	1.37	66	0.21	11.32	10.16	1	0	0	18
hl7-java-tools	5228	0	3.15	1.32	66.73	0.27	17.83	14.98	2	1	0	106
fatsatsuma-email	928	0	1.75	1.31	67.31	0.13	8.13	7.94	1	0	0	3
blackjack-school-project	883	0	2	1.5	67.63	0	10.38	10.38	1	0	0	9
itunesu-api-java	3217	0	3.53	1.65	68.06	0.53	20.65	19.59	1	0	0	33
igloosudokusolver	868	0	1.5	1.33	68.17	0.33	17.33	13	1	0	0	4
java-fishing	442	0	2.67	1.56	68.33	0.33	5.89	4.56	1	0	0	2
ubc-cpsc410-group-cdhmt	2304	0	1.23	1.74	69.34	0	3.86	3.86	6	11	0	334
jwiktionarytranslationparser	1288	0	1.85	1.46	70.54	0	7.08	7.08	1	0	0	5
chinasupport	61	0	0	1	71	0	7	7	1	0	0	3
dtd2xsdjava	965	0	1	1.5	72.5	0	18.75	18.75	1	1	0	2
drumtrainer	771	0	1.56	1.22	72.83	0	4.17	4.17	1	0	0	3
jalbum-imagefilters	6384	0	1.68	2.78	73.66	0.76	47.92	15.3	2	0	0	7
wiquery-demos	4873	0	1	1.63	77.72	0.26	2.87	2.21	1	0	0	6
growlbuildlistener	122	0	0	1.5	78.5	0	7.5	7.5	1	0	3	12
struts2-interceptors	297	0	0	1.25	82.25	0	7	7	1	0	0	20
jesldatabaseinterface	868	0	1.14	1	82.29	0	23.14	23.14	1	0	0	6
eglasspane	1511	0	1.22	1.61	82.39	0	9.56	9.56	1	0	0	6
wordpuzzle	209	0	0	2	90.5	0	18	18	3	0	0	12
blobscanner	605	0	0	1	91	0	44	44	1	1	0	2
xm-ng	227	0	0	2.67	94.67	0.67	12.67	4.67	4	0	0	105
java-libcdrip	131	0	1	1.5	100	0	11	11	1	4	3	3
testingtesting	16	0	0.25	1.5	100	0	1.5	1.5	1	1	0	3